average_speed_kph,distance,elevation_gain,expected_precipitation,time_of_departure_min,energy_consumption
88.5,22855.9,2365.4,5.6,61.3,4033.0
72.1,38268.0,5302.5,8.9,52.7,4174.0
15.1,11561.5,1211.6,6.0,844.1,3995.0
56.9,42697.4,6108.0,2.6,906.8,4714.0
86.3,21826.6,1833.6,3.7,128.0,3911.0
48.0,30359.7,4124.2,2.4,1249.7,3722.0
52.5,41112.3,2376.8,8.7,277.6,4473.0
53.5,42462.5,4974.0,8.5,55.1,4405.0
95.5,46330.9,4719.6,5.2,1292.3,5293.0
22.7,37240.7,2070.8,4.5,1256.9,6823.0
52.4,15111.4,691.3,1.4,1085.7,2764.0
22.4,41919.5,782.3,6.4,1180.2,7705.0
69.6,10001.3,1278.2,8.4,751.8,3124.0
52.6,38088.0,5533.6,5.5,820.5,4541.0
28.1,47228.0,6077.6,6.5,144.9,7015.0
85.0,16582.4,221.3,4.2,814.3,4028.0
37.5,4455.7,162.5,8.6,877.5,1982.0
76.6,35032.2,2656.2,7.7,469.6,4437.0
60.2,22994.7,2323.7,9.1,229.9,3263.0
18.0,521.3,58.0,8.7,426.4,1278.0
22.0,8987.1,858.6,7.3,250.8,2497.0
78.3,39630.6,1225.3,6.3,500.1,4715.0
49.1,32084.3,890.0,4.9,306.2,3932.0
30.6,1931.1,99.4,7.8,67.0,1274.0
43.9,40432.9,4116.6,1.2,845.0,4973.0
51.6,27294.6,1958.4,9.7,602.9,3817.0
71.9,3522.9,206.3,0.9,353.3,2637.0
49.9,2391.9,37.2,0.6,609.8,2032.0
69.3,30738.0,179.4,1.4,1271.8,3771.0
84.8,35630.9,1892.1,3.3,1102.7,4588.0
42.7,46533.8,333.2,3.9,1274.2,5199.0
65.8,2881.5,68.4,1.1,887.0,2535.0
88.8,20006.1,2054.1,5.4,685.9,4367.0
87.7,5502.6,537.8,5.3,1167.9,3424.0
73.9,36858.1,1999.3,5.4,16.5,4129.0
79.1,2938.3,150.1,6.9,655.7,3176.0
35.8,25940.2,1991.9,6.0,1180.6,3831.0
62.6,11433.5,891.0,1.3,312.7,2695.0
55.2,4425.5,440.7,0.7,1290.2,1937.0
79.2,12929.9,183.1,3.6,140.6,3225.0
39.8,30236.0,1138.3,3.3,867.4,4302.0
80.3,33398.1,1767.5,5.7,1094.5,4352.0
26.8,45577.1,6810.1,3.3,685.4,7458.0
21.5,44150.5,5774.3,2.6,1090.1,8417.0
94.7,44016.9,6336.9,4.5,1253.6,5195.0
60.2,42904.9,2845.9,5.1,1097.1,4533.0
42.0,46255.2,4233.2,0.7,591.8,5563.0
64.6,31566.3,2877.6,2.7,542.3,4070.0
72.5,23398.7,3288.4,5.8,129.3,3475.0
42.1,12464.2,463.5,2.7,1346.6,2323.0
65.4,14822.6,1646.7,2.6,285.3,2941.0
18.8,42466.0,3029.2,0.1,1126.6,9067.0
28.9,23276.5,1327.8,3.1,1397.3,3868.0
44.2,12758.0,1439.0,3.4,710.9,2776.0
55.4,674.1,59.6,8.1,885.1,2070.0
71.2,49074.0,4684.8,2.2,997.1,4974.0
22.3,37952.3,1109.4,2.6,866.1,7363.0
17.9,37979.7,270.6,3.3,618.2,8837.0
12.1,22931.4,501.5,3.0,971.1,7893.0
90.3,42378.4,528.8,4.7,1303.9,4914.0
24.5,4133.7,21.6,2.3,426.1,1824.0
42.4,41068.6,3961.8,4.3,5.1,4707.0
54.4,3353.5,113.0,1.0,64.1,1810.0
32.4,2456.7,214.4,2.6,979.5,1643.0
99.3,19224.8,444.4,5.8,810.3,4884.0
91.6,45789.6,2266.6,0.1,1414.2,5039.0
13.5,38973.7,4178.1,4.4,781.2,11542.0
49.7,38856.3,1354.8,8.5,12.4,4242.0
86.0,38876.8,1836.1,7.9,1116.8,4765.0
94.5,8767.2,804.2,3.6,1173.6,3922.0
32.3,49468.5,417.6,0.7,383.3,6730.0
64.3,2491.2,314.4,4.4,1069.7,2317.0
56.3,34479.8,1847.7,5.4,1190.9,3956.0
56.0,33905.0,1691.8,7.5,353.3,4023.0
36.3,8159.0,525.1,0.7,124.1,1947.0
63.0,9184.3,299.7,9.1,850.4,2833.0
87.0,9573.4,717.9,7.5,1304.6,3455.0
96.4,22024.4,2569.1,0.4,548.2,4756.0
15.9,36864.0,3135.6,7.4,928.0,9467.0
42.2,40519.9,4356.2,7.5,197.0,4757.0
40.9,31473.3,4048.7,9.9,297.2,4138.0
17.8,25528.3,3267.2,1.5,679.6,6404.0
12.7,25027.9,72.7,6.8,447.5,8156.0
84.1,32334.6,1640.9,0.4,945.4,4552.0
93.8,38639.1,1216.8,3.8,574.0,5280.0
81.5,22702.5,1197.9,8.0,312.5,3898.0
69.0,19988.9,1272.6,3.3,333.3,3360.0
55.0,31987.3,1106.9,9.5,842.2,4106.0
19.4,28472.3,1388.6,6.0,897.2,6492.0
57.5,49039.0,463.1,4.9,582.8,5136.0
24.7,47312.8,4604.5,5.5,285.6,7910.0
16.0,23882.2,455.4,2.0,715.9,6603.0
42.9,35272.2,1737.6,7.9,387.0,4454.0
62.5,30609.2,314.4,9.0,894.2,4010.0
74.3,23954.8,2609.3,7.8,202.5,3607.0
19.3,22267.0,2723.5,1.5,320.2,5164.0
53.4,44716.9,5865.8,7.8,552.2,4936.0
35.4,34520.7,366.5,6.8,972.6,4909.0
94.9,17550.8,2337.2,0.2,377.1,4359.0
91.2,26816.3,3972.8,2.7,194.1,4376.0
23.0,46871.9,4913.7,0.6,1058.0,8396.0
82.5,26962.3,3031.3,9.2,1155.8,4097.0
42.8,16765.3,2311.5,4.7,1188.1,2790.0
24.1,20912.4,2247.9,9.3,254.0,4159.0
83.3,23575.9,894.6,9.1,331.6,4028.0
52.9,15151.3,593.3,1.1,488.7,2894.0
67.2,42372.9,1255.9,6.5,1063.1,4546.0
21.0,11397.9,405.7,7.5,520.6,3209.0
39.4,10736.7,1093.8,3.6,271.5,2303.0
62.8,48387.2,742.8,0.3,244.0,4720.0
66.4,22013.2,2698.7,1.2,552.3,3582.0
78.9,13491.4,1728.7,6.8,359.0,3427.0
49.1,44984.4,2787.6,9.4,1345.7,4722.0
69.2,4241.7,75.4,7.0,1435.9,2370.0
93.7,1770.0,220.6,8.0,764.4,3927.0
76.7,40163.8,1781.8,0.3,756.5,4766.0
81.8,2138.1,309.8,3.1,1015.5,3113.0
29.4,28485.0,2875.0,7.4,728.2,4908.0
61.3,15343.2,417.8,8.0,996.3,3032.0
91.5,24262.8,3208.9,7.4,1228.9,4316.0
91.9,42577.2,5606.6,4.1,401.9,5211.0
56.4,45770.4,5234.6,1.6,127.5,4569.0
24.3,31886.1,870.8,4.5,1040.7,5867.0
61.4,41112.4,1994.9,2.8,496.0,4557.0
55.4,28990.1,2522.8,7.7,689.4,3938.0
93.8,17197.9,1725.0,8.0,259.6,4205.0
83.5,41924.6,238.8,7.6,602.9,5035.0
12.6,33872.3,4805.8,1.0,238.4,10490.0
88.5,22624.0,806.5,2.5,618.7,4429.0
29.2,30336.9,2308.6,7.0,1171.3,4845.0
27.7,9945.9,72.8,1.1,13.5,2251.0
55.5,44879.3,5342.4,9.2,691.7,4958.0
84.3,44471.2,3333.6,2.4,67.2,4749.0
26.7,34385.2,785.4,9.3,612.4,5981.0
17.7,5694.7,347.7,6.8,1401.8,2030.0
90.0,35628.0,1564.9,3.4,534.4,4969.0
32.9,47817.6,7038.3,1.9,217.0,6319.0
58.5,41448.9,2102.8,0.0,975.4,4546.0
23.0,6450.0,405.7,2.6,259.7,2048.0
67.5,16974.3,341.8,6.3,660.8,3409.0
59.7,29747.5,3485.6,3.5,783.8,3980.0
66.2,45900.2,1405.7,6.6,316.5,4671.0
16.0,46957.7,729.8,1.1,670.5,11717.0
80.9,11390.5,1152.6,6.5,706.5,3643.0
67.1,29313.5,2727.5,9.7,376.7,3860.0
75.1,19703.2,1506.0,5.8,1066.7,3580.0
89.7,39867.4,4070.4,9.3,256.6,4888.0
22.3,10556.1,1348.4,1.4,9.1,2592.0
81.4,12590.5,1281.5,7.7,194.0,3351.0
87.0,38999.3,1619.3,6.0,771.0,5055.0
65.1,38954.9,4982.4,2.2,194.5,4172.0
93.4,27484.0,1067.3,3.4,325.2,4624.0
97.0,6260.7,14.7,8.0,553.3,4242.0
15.4,25330.1,3141.4,7.7,983.6,7025.0
38.8,40601.9,5883.4,1.7,1340.8,4914.0
96.4,20054.2,268.9,5.6,423.4,4604.0
73.2,4480.3,619.7,7.0,603.7,2962.0
76.9,45505.6,435.8,5.0,367.4,4828.0
60.9,13658.9,1415.6,2.7,174.2,2672.0
92.4,39098.0,4687.0,3.7,901.0,5213.0
52.5,47927.5,2782.3,1.1,354.3,4984.0
15.7,18087.2,2249.0,7.0,201.3,5043.0
95.7,20343.4,2801.6,0.5,1234.3,4355.0
19.5,31672.2,241.4,3.6,1366.8,6673.0
54.1,44423.5,3765.6,1.7,1352.2,4511.0
49.1,17039.3,1628.7,7.7,592.1,3090.0
11.5,47292.0,3743.8,1.6,5.5,15438.0
22.4,37626.3,1007.7,2.3,1432.1,6884.0
34.5,27720.5,999.1,4.1,362.3,4178.0
69.7,22075.3,849.5,6.9,1089.4,3511.0
82.6,49535.7,5355.2,8.6,1009.9,5210.0
98.4,33403.4,171.3,6.2,1200.7,5028.0
44.4,42571.3,6123.7,1.6,200.9,4791.0
52.1,42919.2,1403.9,9.2,773.4,4901.0
17.7,40850.1,6114.1,1.2,952.7,9405.0
56.3,24599.7,2.2,5.2,1163.4,3356.0
93.3,956.5,19.3,8.7,114.1,3459.0
50.8,3968.1,442.2,4.9,218.0,1860.0
16.3,1152.3,89.0,5.2,646.7,1553.0
16.4,5154.9,593.9,9.5,1188.8,2115.0
80.6,12742.0,601.7,3.6,1187.1,3359.0
73.9,28929.1,2185.8,8.4,1111.6,3945.0
54.7,12761.6,759.0,3.8,471.9,2760.0
66.6,25760.9,2370.0,0.4,679.1,3833.0
73.2,41408.8,4325.4,4.4,1079.2,4555.0
69.6,37733.6,3828.9,4.6,825.7,4511.0
31.9,45610.3,4304.4,6.2,211.3,6227.0
60.9,19908.7,2779.1,6.4,348.6,3197.0
18.9,26945.8,377.3,6.3,83.1,5973.0
49.0,20810.1,1643.9,0.2,118.8,2952.0
56.5,41954.6,5404.7,0.1,1279.1,4333.0
39.0,15688.2,502.6,4.8,852.9,3027.0
64.3,28695.8,852.3,2.5,1009.3,3815.0
48.2,26047.3,2147.8,7.2,719.3,3784.0
46.7,35625.8,327.0,0.1,998.9,4359.0
90.1,44253.7,6284.4,2.6,931.2,5293.0
63.4,25751.8,430.1,0.3,79.4,3347.0
36.9,15280.4,1019.0,1.1,305.0,2773.0
90.0,16260.9,148.2,6.1,622.8,4261.0
65.4,2807.7,12.7,5.7,740.8,2589.0
59.6,30487.3,219.9,2.8,379.0,3825.0
60.7,33839.5,638.4,4.3,690.7,4234.0
60.8,47736.0,1028.2,9.0,174.6,4675.0
38.8,14853.6,1184.5,7.6,4.7,2553.0
31.7,31352.4,2138.4,4.7,929.4,4924.0
29.4,8168.6,1074.6,6.8,670.3,2446.0
32.0,12533.1,1371.7,6.9,411.1,2725.0
77.7,13463.3,1214.3,0.5,539.4,3509.0
58.2,34117.6,2685.3,5.1,1409.2,3810.0
59.2,41289.2,1410.0,9.1,1360.6,4259.0
49.3,41639.4,726.5,0.4,1321.7,4454.0
68.5,25282.6,2234.0,4.4,113.5,3455.0
72.1,41646.9,4349.6,8.6,1095.1,4541.0
26.0,11898.6,745.4,6.4,470.1,2922.0
42.7,44085.7,427.0,1.2,1353.6,4943.0
71.3,18708.3,694.4,8.5,1289.6,3224.0
83.4,30154.6,4484.7,1.0,887.4,4482.0
58.4,49124.4,388.8,3.8,575.9,5119.0
58.0,34697.9,2832.1,5.9,899.1,4226.0
18.6,7300.6,989.7,2.5,612.4,2694.0
31.8,27789.5,1948.7,9.0,1275.4,4222.0
85.6,31403.4,184.9,4.8,1173.1,4381.0
94.2,28678.3,3308.2,4.9,1247.9,4599.0
25.0,33658.0,2425.5,3.7,38.6,5738.0
48.5,48868.8,4614.4,8.5,190.2,5083.0
61.5,31325.7,196.3,6.1,739.7,4098.0
23.8,30682.0,444.5,2.6,1021.0,5792.0
33.8,31652.9,1146.9,2.2,1221.1,4501.0
15.8,1927.5,180.5,9.4,907.9,1680.0
69.1,36461.2,3307.2,7.5,1167.1,4163.0
52.5,11651.1,1599.7,4.5,1039.6,2589.0
58.9,7673.5,588.8,2.5,39.0,2207.0
26.0,4872.9,205.5,9.0,148.7,1686.0
56.3,28025.5,2505.7,6.8,227.2,3534.0
48.3,42818.0,6005.3,4.8,1210.7,4670.0
88.2,38091.8,2320.5,7.2,607.1,5046.0
33.9,47572.1,6080.6,5.6,999.4,6377.0
50.4,30624.5,3161.6,4.7,930.9,3992.0
28.7,5103.2,68.6,8.1,720.9,2087.0
16.7,780.9,89.9,7.5,16.6,1044.0
28.9,41810.5,3694.0,6.2,1253.2,6222.0
14.1,36924.7,301.0,0.4,643.1,10568.0
79.1,48017.2,5653.9,0.8,320.4,4927.0
61.0,46595.7,5556.7,3.6,72.2,4546.0
16.1,24850.5,2877.2,7.1,1100.9,6558.0
51.9,16222.9,1738.6,9.3,789.9,3075.0
32.0,19130.1,2206.0,6.3,974.4,3506.0
52.9,1387.4,90.9,2.2,1236.5,1718.0
30.4,9171.3,645.1,8.2,895.0,2492.0
26.3,1034.4,89.5,6.3,1413.0,1116.0
19.3,23503.3,1967.2,8.2,812.0,5653.0
48.0,1577.0,186.2,7.0,1404.2,1534.0
43.2,1160.3,123.3,5.5,329.7,1576.0
54.1,6322.0,822.0,2.8,1169.0,2136.0
36.6,45640.5,271.0,0.1,992.2,5852.0
36.1,19075.0,2678.3,4.6,360.5,3231.0
74.7,36991.1,4855.4,9.8,1285.9,4209.0
36.8,37701.5,5185.4,7.2,653.0,5226.0
41.4,744.1,14.2,2.4,1210.3,1402.0
10.7,47284.7,725.6,2.3,1243.3,16605.0
52.0,35050.0,2981.1,5.0,1254.4,3989.0
42.1,39469.8,617.0,7.9,320.3,4781.0
34.8,49339.1,6997.5,3.9,278.2,6287.0
74.1,39292.4,1293.6,7.0,1023.5,4529.0
30.5,20680.0,2713.3,8.8,361.2,3673.0
81.5,29328.3,3807.7,2.0,957.1,4330.0
62.0,24137.5,2102.6,4.5,1241.0,3322.0
49.6,44946.7,846.3,4.8,1274.7,4729.0
66.3,23232.7,1046.3,2.2,983.5,3576.0
68.6,4937.8,231.2,5.5,300.9,2545.0
48.4,29866.5,84.5,0.9,1402.7,3599.0
55.6,18866.9,311.6,6.2,466.5,3167.0
33.4,26961.1,2866.1,6.0,516.2,4314.0
46.3,22237.3,1065.1,3.8,1290.9,3113.0
45.0,4087.9,183.9,0.9,290.4,1792.0
75.0,9255.4,131.3,4.3,1438.0,2843.0
73.4,8238.2,319.3,1.1,654.3,3150.0
42.2,39519.8,4422.5,7.5,1152.0,4749.0
94.1,17482.6,692.9,2.5,1301.1,4129.0
54.5,23516.4,3318.4,9.4,747.4,3587.0
73.8,44787.1,1645.9,0.9,573.5,4890.0
66.7,19270.2,1225.8,6.9,489.0,3415.0
53.5,9813.2,147.1,4.6,1428.6,2221.0
33.4,22274.1,313.7,1.8,846.4,3851.0
77.8,33998.8,3113.6,4.5,1381.1,4099.0
87.0,7582.9,741.7,5.4,1014.9,3617.0
69.9,38634.3,3391.6,1.5,1154.4,4280.0
64.5,41965.8,5705.8,9.7,416.5,4554.0
22.7,47416.8,4771.3,8.5,1216.9,8454.0
57.4,34801.2,2459.1,6.6,382.3,4099.0
74.9,48602.2,1569.8,2.7,631.2,5127.0
23.7,21453.4,1160.4,7.8,1006.3,4454.0
94.2,1243.3,121.3,6.9,1315.7,3527.0
98.4,46681.8,6558.7,6.1,981.2,5712.0
30.4,3190.8,254.6,7.9,882.8,1801.0
10.5,23301.2,2999.2,3.4,1118.2,8900.0
51.8,19420.3,2157.2,6.1,708.7,3298.0
16.0,9078.2,1036.0,4.4,949.2,3223.0
45.0,29735.4,804.7,6.3,1019.9,3961.0
76.8,43711.2,302.0,3.1,1289.8,4554.0
16.2,30050.9,3302.1,7.9,970.4,7789.0
70.8,17875.0,100.3,4.3,127.2,3145.0
12.1,44886.0,1870.7,3.8,1189.4,14139.0
45.2,18843.7,1904.2,6.2,942.7,3167.0
83.9,45971.5,708.4,2.6,918.0,5157.0
96.0,22497.8,2007.9,7.6,108.5,4418.0
26.8,13178.7,548.4,3.6,64.9,2731.0
41.4,6316.6,539.6,2.3,641.4,2208.0
14.7,18315.6,2746.6,3.7,463.2,5600.0
21.0,32523.0,4846.5,1.8,394.5,6657.0
53.4,44114.7,2660.9,8.8,624.2,4935.0
81.7,25818.9,1755.7,2.8,597.1,4265.0
15.8,40205.2,1882.8,3.0,947.1,10244.0
92.1,38094.3,5341.0,1.6,851.5,5183.0
82.1,28690.3,4.9,2.1,794.7,4421.0
48.3,33812.8,4598.4,8.1,150.8,3959.0
47.7,15304.0,452.5,0.9,942.5,2872.0
63.3,36520.7,1759.6,2.1,884.4,4339.0
65.1,49809.9,1047.9,0.3,980.9,4990.0
72.8,48856.0,378.5,1.2,45.8,4679.0
38.3,17604.7,203.4,2.7,456.0,3114.0
92.5,5608.2,378.0,3.1,1044.8,3806.0
44.6,29010.4,1381.6,9.0,421.6,3920.0
58.1,17922.4,340.9,8.8,417.0,3101.0
50.3,14935.9,1428.0,2.4,1069.8,2753.0
75.9,47046.5,660.3,3.7,448.7,4953.0
59.7,38672.3,201.4,3.4,133.6,4111.0
48.3,13670.2,690.9,0.7,257.5,2531.0
31.2,8596.2,320.6,0.3,66.9,2010.0
99.6,32564.4,885.8,8.7,837.5,5371.0
72.4,20880.8,2542.0,7.3,278.8,3462.0
45.6,20015.5,389.0,8.9,942.4,3260.0
62.8,37470.4,1505.7,7.8,729.0,4461.0
27.3,49235.6,4658.6,9.7,975.9,7722.0
84.7,26969.7,1084.1,4.3,520.3,4389.0
61.2,15722.5,2097.3,0.2,698.8,3164.0
41.2,7872.7,992.6,4.1,153.7,1965.0
18.4,42523.6,205.1,9.9,287.8,9259.0
78.8,42126.2,5133.5,0.9,926.1,4832.0
88.9,5224.3,38.1,4.6,1145.3,3496.0
46.0,38774.1,4216.5,6.2,902.1,4732.0
42.8,1281.4,168.3,3.1,22.0,1379.0
83.5,14453.1,1981.3,6.3,457.6,3763.0
53.9,14659.8,1501.6,8.8,721.8,3001.0
28.8,13586.5,1164.0,6.1,270.0,2823.0
33.6,44252.2,5160.8,0.6,239.8,5856.0
41.3,12165.3,1028.7,8.2,481.7,2629.0
30.0,10244.9,339.6,3.5,107.3,2258.0
60.9,23685.7,716.9,4.7,748.0,3644.0
19.0,35425.9,1521.1,3.3,1101.0,7712.0
86.3,49438.4,864.8,2.5,1365.0,5022.0
12.8,38684.6,228.6,4.1,125.2,11614.0
51.6,14194.3,825.2,4.0,699.3,2931.0
37.7,5644.0,768.3,7.4,330.9,1895.0
45.4,28625.5,2237.4,4.5,1329.5,3605.0
46.4,48484.1,2439.3,6.9,52.6,5090.0
96.2,35493.2,4212.2,1.0,64.8,4872.0
64.0,25682.5,1276.3,4.3,292.2,3518.0
79.2,8285.9,536.9,5.2,931.3,3338.0
52.8,49924.8,4569.3,7.9,386.3,5162.0
70.1,47489.0,4322.0,4.6,172.9,4653.0
25.2,46869.5,5439.6,4.6,588.0,7974.0
97.4,6356.1,570.7,5.0,878.2,4270.0
80.4,2002.3,234.5,9.1,1371.8,2776.0
88.4,17975.8,160.2,7.3,440.1,4126.0
95.2,1773.5,96.7,4.9,1394.0,3576.0
11.4,941.1,52.9,4.7,1124.3,1310.0
56.5,11379.8,1364.5,5.1,788.1,2818.0
77.9,35586.7,4347.8,8.5,1418.7,4176.0
18.7,14139.9,1145.8,0.7,462.0,3873.0
79.4,16684.8,572.9,4.7,776.7,3802.0
66.5,41253.7,6035.6,4.5,126.9,4273.0
73.5,11878.1,1340.7,3.3,514.9,3267.0
42.7,11956.3,375.4,7.8,1124.2,2454.0
78.5,44030.5,1265.3,4.0,23.1,4566.0
15.6,33218.9,4309.2,3.2,838.0,8840.0
96.7,40604.2,383.0,6.0,394.5,5349.0
11.0,8062.6,933.3,8.5,1059.8,3690.0
73.3,41205.9,4786.2,8.6,1374.9,4342.0
27.0,49511.8,6148.2,0.8,759.7,7920.0
42.0,34060.1,3821.0,0.3,1.4,4117.0
87.1,37657.8,5618.3,1.4,993.7,4854.0
55.7,11717.4,1254.1,0.4,1301.1,2406.0
52.9,14335.0,1869.2,9.8,1033.1,2791.0
41.8,11739.4,1033.2,4.9,1287.1,2299.0
25.3,13094.9,1430.1,8.9,1246.3,2880.0
36.2,27127.5,325.0,2.4,262.0,3918.0
53.6,24338.6,588.8,0.8,1345.1,3188.0
99.9,29575.6,2503.0,3.6,1110.0,5048.0
83.8,48444.1,6555.1,7.6,1334.5,4930.0
74.5,20954.5,201.5,9.8,831.3,3809.0
65.8,7254.4,173.8,4.4,420.4,2677.0
22.2,14093.3,1557.3,1.5,65.5,3174.0
59.4,23809.0,1088.4,6.6,458.0,3509.0
20.2,27779.3,2472.1,8.3,105.3,5818.0
39.7,44993.3,2003.5,6.6,991.8,5542.0
16.9,21235.7,1747.3,4.1,479.4,5668.0
43.8,40033.6,2989.9,8.5,1025.9,4829.0
48.5,41487.4,4614.1,2.7,118.7,4485.0
42.8,14986.6,2024.4,6.6,18.4,2526.0
16.9,32695.0,4031.3,3.3,1252.5,7813.0
61.8,38573.0,3651.1,3.5,881.7,4458.0
63.5,41696.2,1977.6,3.1,1376.8,4253.0
25.1,8485.2,1138.3,6.3,1178.4,2291.0
60.4,19519.8,2043.5,3.8,159.0,2999.0
40.4,44460.5,671.0,6.2,912.6,5504.0
42.3,6220.1,438.0,4.3,1001.6,2082.0
56.1,20201.3,822.6,6.5,547.8,3321.0
55.2,43734.9,749.4,8.4,683.3,4888.0
16.1,2441.5,113.5,6.7,1337.5,1431.0
14.8,35445.0,1388.4,1.9,1436.8,9356.0
77.7,12706.2,1728.9,1.2,640.8,3533.0
52.9,45746.6,445.4,2.0,929.0,4972.0
29.0,7511.0,223.3,8.5,728.4,2381.0
21.3,18569.7,2018.4,1.7,440.8,4298.0
84.2,10659.5,32.3,7.9,15.6,3324.0
52.3,15375.0,837.5,8.9,243.9,2700.0
78.5,36258.6,5177.2,3.6,1332.8,4236.0
41.2,27391.1,971.6,8.4,1347.3,3626.0
44.2,26065.6,1710.6,6.0,584.0,3815.0
87.7,23061.5,1289.0,3.5,736.5,4434.0
69.0,21881.7,3221.5,8.8,573.5,3674.0
70.1,46013.9,2284.0,5.1,65.4,4528.0
14.9,5787.4,858.5,2.8,793.0,2665.0
83.5,19726.6,1468.6,0.6,221.4,3746.0
32.0,9748.6,345.1,2.7,1083.0,2352.0
86.6,9631.8,87.9,2.8,687.0,3829.0
39.6,18480.6,2306.1,2.0,608.1,3270.0
42.7,41816.8,3738.8,3.4,1143.5,4911.0
24.0,11734.9,1000.8,8.2,278.8,2832.0
25.4,45978.5,2957.1,8.0,301.4,7564.0
17.6,9796.9,1456.6,2.4,1318.8,2879.0
13.5,23668.8,1195.3,4.1,1138.3,7243.0
31.3,16977.0,42.3,3.1,998.0,3267.0
31.6,3173.5,208.6,5.2,721.2,1852.0
73.5,42064.3,5773.3,2.8,1190.0,4484.0
39.5,13110.8,187.5,5.0,203.6,2463.0
84.3,621.6,3.8,6.3,419.7,3181.0
13.0,49573.4,3202.7,4.4,901.5,14773.0
39.7,16399.7,2095.5,8.9,311.6,2857.0
43.2,10767.8,665.0,9.4,478.4,2512.0
10.7,37781.9,1098.1,1.7,472.8,13696.0
59.5,31514.6,1128.3,1.7,343.1,3846.0
49.2,11945.0,469.5,7.9,1407.4,2314.0
66.6,17328.7,1863.3,0.2,1380.3,2948.0
37.1,16604.9,1547.7,1.2,724.3,3171.0
64.9,19050.0,2202.7,5.7,423.1,3299.0
16.2,2704.1,102.5,8.1,280.6,1613.0
22.0,37311.3,349.8,3.9,924.4,7304.0
56.2,6811.4,537.7,2.3,484.6,2416.0
99.7,49238.7,3440.0,1.1,497.7,5880.0
77.0,22152.5,1610.3,0.4,328.5,3693.0
23.8,48148.6,6895.0,5.6,1143.0,8293.0
92.7,36607.8,3192.1,3.3,935.4,5104.0
36.5,16581.6,776.8,8.8,43.4,2765.0
37.1,16242.9,852.7,3.7,1059.5,2945.0
22.9,47779.8,1898.1,5.4,225.4,8444.0
30.7,47712.4,4862.0,6.7,537.0,6939.0
65.2,2852.3,322.4,0.5,35.0,2121.0
75.8,26695.3,178.9,9.9,855.1,4110.0
42.6,18585.8,1735.7,4.3,330.4,3014.0
85.7,16041.0,1828.0,0.9,720.8,4042.0
59.5,38287.8,2916.6,2.2,1138.2,4214.0
99.3,36199.7,390.8,9.2,440.6,5369.0
62.5,41306.9,2620.4,0.1,451.7,4511.0
39.9,29987.7,3574.5,2.2,1296.2,3914.0
26.1,21574.8,3067.2,1.8,1261.2,3960.0
28.1,35183.2,718.8,1.6,305.2,5602.0
37.2,45342.1,3402.9,9.2,1109.6,5686.0
32.1,4926.1,231.7,8.6,685.2,2053.0
54.2,25575.2,2121.7,3.7,1019.4,3546.0
41.4,46821.2,1417.9,7.4,888.6,5654.0
67.0,12484.4,698.2,10.0,1297.3,2769.0
24.9,43247.7,6195.5,7.0,505.5,7484.0
90.9,31571.8,3258.1,9.9,929.8,4846.0
57.9,8963.1,622.7,7.3,179.5,2334.0
16.9,29278.5,458.6,4.8,65.7,7037.0
55.4,28143.3,1508.2,5.8,1140.0,3603.0
96.3,14653.8,574.4,6.6,492.3,4462.0
94.7,4355.2,331.4,2.2,337.8,3829.0
88.1,10863.6,798.2,2.7,1208.8,3618.0
95.2,11664.1,249.0,0.4,1400.6,3922.0
21.0,18155.2,770.9,3.4,1384.0,3983.0
51.6,45038.0,2950.5,7.9,644.1,5052.0
48.1,13815.3,1189.3,3.1,324.1,2615.0
80.0,36294.4,1341.3,7.7,421.9,4548.0
62.6,6441.8,849.3,6.4,538.5,2631.0
46.1,3151.7,382.5,7.1,247.5,1724.0
86.5,10384.8,626.4,6.9,1289.1,3471.0
19.0,48943.8,3055.9,5.2,1038.5,10306.0
25.3,7747.9,941.6,10.0,404.0,2321.0
73.9,9514.9,152.4,4.7,374.3,3048.0
72.9,20597.7,2610.7,9.3,628.3,3749.0
87.2,43734.0,3819.7,9.1,509.8,5180.0
42.5,30078.7,956.9,5.3,934.3,4139.0
10.8,43530.8,6321.9,2.0,299.9,15312.0
73.8,21644.7,902.9,0.6,1289.8,3419.0
34.1,20555.4,2119.1,2.3,842.8,3640.0
28.8,35442.0,4537.0,2.9,889.9,5759.0
60.1,16768.1,687.1,5.6,234.9,2891.0
30.7,5589.7,553.3,8.6,666.6,2129.0
78.5,8508.8,1010.9,4.3,1043.5,3215.0
63.8,34811.8,631.0,9.5,1165.2,4017.0
40.2,4113.9,165.9,2.1,404.2,1835.0
48.4,37832.2,4480.9,0.2,1332.4,4199.0
23.2,6350.3,489.7,9.2,490.5,2256.0
47.1,1817.7,128.1,0.0,342.2,1701.0
84.0,39122.1,1943.3,4.5,444.3,4813.0
74.9,2933.0,259.9,9.9,14.9,2550.0
47.7,42670.3,5082.3,6.5,1056.5,4829.0
85.1,48134.8,3145.2,4.9,982.1,5240.0
76.6,40996.0,5891.6,9.1,58.9,4399.0
87.0,36175.4,4011.3,9.2,121.6,4538.0
95.4,19837.1,2895.8,1.6,1271.2,4302.0
86.2,43788.3,5703.7,3.1,1408.4,4779.0
71.4,48911.0,6279.5,8.0,946.8,5027.0
45.2,41500.7,2554.9,2.1,728.6,5032.0
13.0,10068.1,525.7,5.5,595.7,4012.0
41.3,40210.3,2335.1,3.3,268.1,4832.0
94.2,25455.2,3468.9,0.5,837.7,4799.0
24.6,38575.0,1732.1,9.1,1240.7,6608.0
80.7,30873.9,3982.6,3.8,133.0,4078.0
94.7,39110.7,3129.8,2.6,587.0,5342.0
75.8,43826.7,5161.5,0.5,824.1,4899.0
93.9,1879.3,272.5,7.2,711.2,3946.0
12.9,3408.0,246.8,1.7,171.6,1832.0
13.0,15192.7,1146.9,2.8,1181.3,5119.0
64.7,16265.3,265.9,0.8,113.3,2866.0
62.7,31674.2,1745.7,6.1,205.2,3768.0
59.1,17094.0,273.5,5.7,905.6,3160.0
81.2,7334.9,336.4,0.9,1319.4,3044.0
96.0,29476.7,2961.9,5.7,336.0,4847.0
50.6,16616.4,1320.9,2.6,1007.4,2934.0
77.5,31025.9,1854.5,4.8,917.6,4314.0
91.6,21460.6,332.4,3.7,1366.7,4126.0
89.4,14567.1,1607.9,1.3,1260.2,3788.0
62.7,10125.6,1515.8,8.5,1177.8,2599.0
17.7,938.2,72.8,4.1,340.0,1268.0
89.4,2450.0,238.0,8.0,1194.6,3377.0
98.4,10810.8,609.8,5.8,126.7,4134.0
49.7,10620.1,397.0,3.6,1196.3,2327.0
23.0,29414.9,1112.5,9.9,1425.7,5485.0
41.5,31122.6,98.5,2.5,1100.1,4105.0
97.5,45255.7,3879.6,5.1,419.0,5579.0
70.4,9773.6,898.9,7.1,118.2,2726.0
50.8,18773.7,2719.7,2.9,760.7,3237.0
71.4,49524.2,7028.4,7.1,1218.3,4809.0
51.7,2576.9,360.4,4.6,136.7,1731.0
98.6,7191.2,99.8,9.9,1164.7,4131.0
21.6,36337.1,1284.9,4.5,125.8,6925.0
41.4,6166.0,585.1,4.8,578.3,2176.0
71.2,21965.3,2151.1,2.5,844.4,3734.0
40.6,28554.6,3793.8,2.0,1381.0,3722.0
13.2,31532.2,3764.6,6.8,1238.6,9420.0
63.3,9168.4,459.2,8.1,246.8,2548.0
30.2,43843.6,2719.7,6.1,714.7,6633.0
36.0,15793.0,1513.3,1.6,244.5,2791.0
64.9,23607.7,3170.3,2.1,1101.4,3456.0
21.6,30795.5,4014.1,7.9,55.9,5995.0
37.3,12967.4,1770.6,8.1,107.3,2422.0
71.4,17014.5,474.7,1.9,438.2,3375.0
11.7,11256.2,89.7,2.8,63.0,4259.0
88.6,19634.5,2203.3,1.9,390.0,4140.0
75.6,564.9,79.9,8.3,654.2,2903.0
53.9,49688.2,5031.5,3.6,826.8,5275.0
19.8,6497.4,952.4,2.4,806.5,2485.0
62.5,1098.9,138.4,2.2,1438.8,1933.0
83.7,2977.8,130.0,6.9,51.5,2977.0
49.6,47973.6,148.6,0.8,1434.0,4873.0
97.7,28175.0,118.5,1.9,106.7,4701.0
11.9,28312.8,3660.2,2.3,156.5,9336.0
14.2,37262.0,703.0,0.6,959.8,10491.0
86.6,13832.6,519.6,4.4,571.3,3964.0
82.1,20499.8,1427.4,6.1,271.6,3785.0
58.0,23757.7,2440.4,2.0,647.1,3596.0
65.2,12214.1,239.6,2.2,1208.4,2744.0
78.7,47403.8,1166.3,8.9,369.9,4963.0
83.3,16694.3,1726.1,6.8,925.4,3897.0
64.6,7107.2,906.4,8.4,871.8,2755.0
14.3,28465.8,321.4,9.8,1010.2,8225.0
97.5,3678.8,26.0,2.8,1414.4,3779.0
96.3,28295.7,2237.1,5.1,1002.3,4915.0
99.2,42716.2,2197.2,3.6,1036.2,5551.0
74.9,3410.7,182.7,4.5,914.6,2931.0
81.0,37192.0,4493.0,5.3,799.1,4764.0
36.0,44538.4,3189.1,7.5,22.5,5532.0
34.1,18144.0,1061.2,7.3,951.2,3330.0
51.7,40113.8,4755.1,6.6,152.1,4324.0
79.9,17890.7,676.2,8.7,1170.7,3583.0
69.1,41202.3,1783.5,9.4,56.7,4277.0
22.3,7949.7,321.3,0.6,553.0,2558.0
83.2,35266.0,2938.0,6.4,920.1,4689.0
74.3,13210.0,74.8,6.7,365.0,3236.0
67.1,45777.6,2986.7,1.6,673.8,4911.0
71.8,5258.2,49.3,2.2,232.4,2616.0
23.9,40658.8,5289.7,0.4,354.0,7181.0
73.1,2985.2,18.4,8.4,284.2,2620.0
55.6,9583.4,981.8,9.5,384.9,2505.0
17.5,20575.0,878.0,0.9,540.8,5417.0
74.3,37885.9,3107.5,7.4,176.5,4253.0
23.4,12403.7,1635.4,7.8,903.1,3202.0
83.4,35521.8,968.6,3.2,645.9,4766.0
79.6,49840.0,3307.0,3.0,1205.0,4955.0
55.8,20456.8,2224.8,1.6,949.8,3276.0
76.8,15547.0,1477.5,8.7,747.0,3661.0
40.2,49040.5,5793.8,3.7,983.2,5861.0
14.9,29002.0,3338.8,4.7,582.2,8179.0
86.3,16349.8,698.4,9.6,1337.6,3686.0
26.0,24871.3,664.1,8.1,580.2,4777.0
56.1,25582.7,1921.9,9.1,771.7,3721.0
33.9,30350.9,2459.6,3.5,244.0,4382.0
13.6,25122.7,2088.9,5.9,417.5,7693.0
92.6,17619.7,851.4,2.9,1320.3,4046.0
83.8,19772.0,1033.8,8.2,424.1,3975.0
22.4,44433.6,4966.2,4.9,518.4,8336.0
48.0,8196.0,249.6,8.0,237.0,2131.0
65.2,31304.3,1830.8,7.7,1321.4,3724.0
32.5,7352.6,870.9,1.3,1117.1,2042.0
52.9,18173.7,2152.4,4.0,94.9,2789.0
38.8,42667.4,5188.8,2.8,515.9,5449.0
28.7,31982.6,3389.0,5.1,80.4,4979.0
23.6,747.8,90.9,5.8,371.5,1286.0
79.2,40911.7,217.3,2.9,28.2,4439.0
72.8,22687.5,2470.2,10.0,975.4,3742.0
97.5,30437.8,482.3,4.8,25.6,4761.0
71.1,18113.8,2642.6,6.7,1132.3,3311.0
55.5,588.0,72.1,2.3,1255.3,1732.0
69.9,41027.6,3086.5,5.0,1117.9,4449.0
86.3,12049.2,121.7,5.3,1035.5,3744.0
50.5,1328.2,192.8,9.2,202.9,1664.0
42.9,6529.9,693.9,0.9,919.6,2168.0
88.4,18810.7,2784.6,4.1,210.6,3942.0
75.3,30049.8,3518.7,8.9,143.1,3888.0
48.3,38239.2,2153.2,7.1,766.8,4675.0
39.3,18809.0,2727.3,0.5,14.3,2878.0
78.9,1338.2,43.6,4.9,912.8,3024.0
85.9,24259.7,2545.4,2.3,840.2,4370.0
20.1,18239.9,1236.9,9.0,613.5,4553.0
31.3,25298.1,2737.9,2.0,1439.1,3908.0
15.2,10352.9,914.6,6.3,1121.0,3466.0
45.2,37072.3,2259.1,1.5,945.9,4582.0
53.1,14369.8,1724.9,8.8,1281.8,2579.0
65.1,7714.4,668.4,6.0,258.0,2530.0
89.1,17997.5,1735.7,2.6,1159.0,3998.0
17.4,5036.6,695.6,8.5,618.6,2336.0
56.7,5507.5,182.3,7.9,912.1,2395.0
85.2,6354.7,872.1,7.3,687.9,3635.0
66.7,18956.2,2319.1,0.3,1298.7,3072.0
78.2,36059.8,5108.4,2.0,980.8,4503.0
24.2,40551.2,3935.8,3.1,230.6,6997.0
70.6,2069.9,200.5,1.6,269.4,2436.0
54.0,13795.3,818.1,8.3,308.0,2673.0
40.6,27963.8,2514.0,4.4,744.8,4115.0
43.7,48177.6,5995.4,3.5,747.7,5654.0
20.5,10172.5,398.6,4.5,1278.4,2719.0
62.4,32056.9,2002.9,3.2,281.5,3844.0
82.7,26170.1,1732.7,3.8,1320.1,3939.0
85.7,42443.1,2278.6,9.0,1227.9,4805.0
96.5,29973.1,1475.8,6.1,1106.6,4889.0
16.6,16275.4,825.1,4.0,412.4,4624.0
50.6,8091.8,896.0,9.1,977.7,2378.0
59.2,9885.6,989.8,1.7,24.9,2343.0
97.8,8532.3,1150.2,6.1,343.0,4189.0
74.2,22315.4,1982.4,6.4,770.1,3880.0
14.0,42374.0,5219.4,2.4,1173.0,11733.0
35.1,11342.3,1016.4,5.9,1242.5,2341.0
22.0,39506.5,3156.2,3.7,871.2,7695.0
92.1,22699.7,857.9,5.6,613.8,4614.0
93.1,17820.8,1579.5,2.0,139.7,4086.0
44.8,19800.8,1583.6,7.7,260.9,3031.0
15.1,42751.3,4924.3,9.5,1411.3,10930.0
62.9,5361.0,108.2,1.7,990.1,2492.0
87.1,29965.1,2448.2,8.6,779.2,4693.0
73.8,15876.1,778.2,2.1,828.8,3525.0
75.4,17787.3,833.3,8.6,1301.8,3309.0
66.8,34450.9,5153.5,2.4,394.0,4127.0
99.8,40068.9,5973.3,1.4,998.4,5513.0
49.4,25975.3,2352.0,4.7,1271.3,3374.0
60.5,32784.7,1270.9,8.5,81.5,3752.0
41.2,2325.1,246.4,0.1,387.6,1664.0
62.3,33610.1,1029.0,3.3,1402.7,3787.0
41.7,30377.4,3941.0,4.5,1148.1,3996.0
88.5,46962.0,4462.5,6.2,1094.6,5202.0
46.2,13292.0,1785.5,7.1,1281.4,2440.0
95.6,29875.3,814.0,0.4,193.6,4693.0
33.8,14567.2,293.1,6.7,76.7,2636.0
22.8,21482.9,424.1,5.7,667.3,4716.0
13.7,43421.8,3875.6,6.3,900.8,12494.0
68.3,11344.0,774.1,9.4,416.5,2984.0
77.9,35484.5,1428.6,4.6,319.0,4345.0
57.7,35784.2,1480.4,6.8,369.1,4146.0
93.8,9777.9,1203.1,4.5,506.2,4143.0
92.4,15934.2,1492.0,1.0,1299.8,3971.0
35.9,42191.8,1899.0,7.4,472.5,5636.0
79.9,49714.1,6325.2,5.7,459.8,5173.0
15.7,45846.0,3708.1,6.0,1314.6,11275.0
94.6,46311.8,6710.7,0.1,335.3,5381.0
48.5,6156.8,123.3,9.1,833.0,2300.0
92.4,38216.9,4836.2,0.9,402.2,5050.0
45.9,4938.9,318.1,5.3,726.1,2181.0
12.7,25555.8,3655.0,3.9,803.8,8422.0
32.0,33588.0,3583.5,5.2,42.9,4792.0
96.5,45252.8,913.7,8.8,1342.7,5280.0
29.3,6936.4,185.3,1.0,625.7,2264.0
60.8,23585.2,2534.8,3.1,911.3,3561.0
13.2,33646.3,1185.0,2.5,1131.9,10069.0
40.1,19050.7,1402.4,6.4,497.6,3254.0
14.9,34510.9,2436.1,2.6,1035.2,9346.0
78.5,6228.3,18.9,2.4,774.3,3285.0
35.9,11901.8,861.3,3.1,812.6,2726.0
34.0,49170.1,5186.5,7.6,420.4,6517.0
99.9,13299.2,1026.8,5.1,1348.6,4297.0
34.6,33661.9,1530.8,5.7,633.1,4990.0
85.4,27554.1,403.6,5.8,936.9,4433.0
27.1,5264.6,518.4,7.4,1174.3,1811.0
22.9,5883.6,291.1,8.7,1052.4,2099.0
59.4,24291.1,432.6,2.6,763.1,3652.0
37.4,38863.8,1394.6,8.8,179.2,4922.0
76.7,49502.8,2521.4,4.6,1400.1,4782.0
84.9,27182.2,1497.1,7.5,1330.4,4074.0
38.7,32494.0,2110.8,0.5,185.3,4216.0
19.7,43154.3,2967.0,0.3,884.7,9047.0
83.2,31552.8,3436.1,8.8,1227.0,4259.0
60.1,12450.5,221.5,2.5,60.7,2527.0
29.1,49625.1,3910.4,8.8,1316.5,7110.0
20.3,37909.7,3978.3,3.2,34.8,7536.0
99.9,10384.1,547.7,1.9,1155.0,4316.0
12.8,47047.9,6446.8,0.8,294.4,14048.0
16.7,37166.4,5548.5,4.6,559.4,9171.0
59.4,21583.3,2155.4,1.2,33.4,3045.0
64.4,27945.5,840.0,8.0,782.0,3936.0
78.8,16068.4,571.8,4.7,190.1,3385.0
47.8,36410.0,4108.7,8.7,1336.3,4141.0
62.7,34779.2,3942.9,2.2,122.3,3880.0
98.6,20075.3,2223.0,8.8,976.9,4771.0
54.0,18754.5,922.8,5.5,907.0,3196.0
99.0,45735.2,5760.2,5.9,1379.4,5399.0
46.2,13613.3,1178.1,4.2,911.4,2778.0
68.5,21999.2,3121.3,4.2,265.0,3390.0
63.1,13688.2,704.7,2.4,1228.0,2753.0
43.0,8731.7,1298.1,6.7,1413.5,2009.0
23.3,11193.0,1473.3,1.5,1345.6,2648.0
14.6,47244.6,3708.7,2.2,309.7,12519.0
52.0,42768.2,658.9,1.0,99.9,4451.0
10.0,13362.2,613.5,9.9,756.4,6030.0
18.4,17220.2,2403.9,3.4,554.8,4595.0
84.7,1261.2,186.5,9.5,810.8,3384.0
34.7,25175.1,2293.8,2.9,343.2,3883.0
95.4,15916.4,974.2,6.9,1170.5,4251.0
24.7,23989.3,2243.4,4.4,529.5,4773.0
74.0,5379.9,163.1,0.5,396.3,2854.0
29.8,25413.4,1103.5,8.6,542.1,4440.0
73.1,43830.1,2138.8,0.9,434.8,4725.0
18.5,38726.3,2405.6,0.6,501.8,8655.0
94.2,38703.9,1969.4,4.2,948.8,5244.0
28.1,3794.3,400.4,6.9,193.8,1556.0
32.8,49408.1,907.5,2.2,650.4,6848.0
86.3,48987.2,328.6,5.8,320.3,5185.0
68.5,37658.7,4683.6,1.4,206.1,4142.0
16.0,28311.0,3646.1,0.1,631.5,7556.0
44.5,44780.2,3767.1,4.4,541.7,5273.0
41.7,16537.1,2401.0,9.4,1263.8,2731.0
10.5,3810.4,439.6,9.7,653.9,2567.0
67.1,18693.3,22.2,7.7,1218.2,3151.0
79.2,12708.4,728.3,0.3,935.1,3510.0
98.3,33090.3,1967.1,1.2,1079.7,5105.0
21.8,17497.4,1665.8,7.9,897.5,4157.0
95.0,20118.0,2902.3,10.0,669.4,4694.0
32.2,40005.4,115.5,6.9,1310.7,5514.0
66.0,33772.7,4114.6,6.7,295.5,3998.0
39.1,1283.0,180.1,5.1,310.8,1485.0
35.5,48769.8,3183.4,6.7,188.4,6076.0
49.7,33377.7,4646.0,9.8,1193.2,3970.0
30.7,7620.6,1035.1,1.0,1399.4,1906.0
67.6,5332.3,407.0,8.9,924.9,2730.0
66.0,29448.3,1180.3,7.7,1324.6,3634.0
53.2,8018.5,234.0,2.3,34.5,2090.0
95.1,45920.7,6430.4,0.0,305.1,5358.0
14.3,16435.0,42.5,5.0,595.6,5350.0
92.8,10118.9,846.6,6.2,1252.3,3819.0
80.1,21743.5,443.8,0.5,333.7,3794.0
57.5,41668.8,5751.4,1.2,416.8,4538.0
41.3,4180.3,364.7,4.1,567.3,1996.0
77.1,37095.4,1253.4,3.9,1342.3,4232.0
58.6,602.8,56.3,0.3,1358.4,1767.0
89.6,20753.3,1500.5,0.2,612.0,4388.0
82.3,28096.1,2691.5,7.8,437.2,4282.0
58.1,25090.1,2464.6,2.5,7.8,3248.0
18.1,11612.4,596.0,6.7,514.9,3527.0
59.9,37770.5,2868.6,8.8,705.3,4476.0
12.6,33689.0,811.8,7.7,30.0,10352.0
44.1,15606.3,275.5,6.4,348.2,2779.0
81.7,3812.9,251.2,1.5,711.2,3333.0
92.0,23298.5,2226.3,6.4,1289.6,4260.0
75.6,9308.5,374.3,4.0,572.8,3269.0
67.4,16118.4,945.3,0.2,1066.0,3134.0
52.7,32302.2,3645.3,3.0,1427.5,3719.0
67.5,49869.5,5941.7,7.2,18.9,4708.0
64.5,38899.8,622.3,0.9,385.7,4329.0
83.3,31342.6,4192.6,9.8,545.9,4549.0
37.0,49075.2,5669.9,6.9,1219.4,5962.0
73.4,27774.6,68.8,3.1,1013.0,3957.0
57.2,32125.9,257.5,4.7,268.0,3821.0
27.7,41452.4,5327.2,1.3,1375.5,6303.0
34.4,24787.3,1810.1,3.2,1106.2,3851.0
22.9,27307.3,3534.0,5.5,1313.4,5202.0
20.8,20994.1,917.6,7.1,690.9,4941.0
92.8,29864.5,1272.2,8.5,1298.5,4550.0
55.1,49962.3,1434.3,9.4,505.1,5205.0
58.6,29182.7,257.4,3.2,1379.3,3510.0
93.3,18213.2,760.5,8.6,566.7,4485.0
90.9,34128.1,344.6,3.4,338.5,4775.0
95.2,8798.9,199.2,3.5,1046.8,4083.0
79.0,47884.6,3179.6,3.0,270.7,4885.0
56.6,28880.9,3428.5,3.0,680.9,3919.0
92.2,6319.4,78.9,2.4,746.8,4000.0
22.5,8516.1,387.2,8.3,419.9,2556.0
20.7,33523.3,1894.8,6.1,71.2,6674.0
50.5,35202.4,4445.7,5.7,1300.3,3999.0
84.9,35613.5,621.7,6.1,868.9,4797.0
90.7,19491.3,2881.3,4.5,948.6,4339.0
48.4,16607.2,192.6,1.3,919.8,2990.0
30.4,23011.1,1132.4,4.8,790.4,4154.0
62.4,4276.5,114.1,6.7,891.6,2508.0
51.2,11498.1,1142.1,1.2,1373.1,2293.0
25.2,41213.2,3911.4,4.6,1102.5,6968.0
57.9,5635.5,716.5,2.8,29.5,2056.0
94.8,31653.2,2279.6,8.2,825.9,5094.0
48.4,31284.9,3374.4,8.1,1357.2,3738.0
57.1,22862.0,1858.2,6.4,528.9,3485.0
54.3,47168.7,3834.0,0.0,762.3,5096.0
83.0,14815.7,281.1,6.6,1146.1,3601.0
82.7,38563.3,2095.4,8.4,257.3,4578.0
88.8,17971.2,2321.1,7.1,242.7,3961.0
52.0,34737.1,4695.9,7.4,697.8,4347.0
75.4,49328.1,978.3,8.1,1072.1,4985.0
56.5,1905.0,165.7,1.3,1412.2,1775.0
70.2,9907.0,576.0,0.7,1042.6,2931.0
24.6,3197.5,204.2,8.1,1375.9,1427.0
24.1,14009.4,295.8,8.8,427.3,3303.0
31.7,38489.5,4538.5,4.0,1311.3,5399.0
61.6,43988.4,1078.8,0.2,105.2,4382.0
61.6,13617.1,1967.1,3.2,120.4,2657.0
17.7,4405.4,531.4,9.4,1299.4,1813.0
69.4,11230.0,1123.1,0.7,603.5,3128.0
88.1,15302.9,1039.8,4.6,1046.9,3954.0
58.8,21190.3,610.1,2.6,1235.2,3101.0
66.3,19191.9,398.1,5.1,119.0,3086.0
76.9,10565.9,784.8,8.8,1214.6,3091.0
81.5,48574.9,3292.3,6.1,610.4,5265.0
43.9,39110.3,2077.3,3.9,835.9,4882.0
57.0,15845.6,687.4,1.7,572.1,3059.0
47.1,4992.1,535.4,5.1,247.0,1880.0
60.4,16820.2,586.1,5.0,1240.1,2871.0
86.2,38011.7,4504.4,1.2,880.4,4921.0
71.8,49318.3,7003.8,9.5,1262.9,4773.0
62.1,11834.7,843.0,1.7,703.7,2973.0
78.3,7962.6,132.1,4.3,925.8,3284.0
29.7,20936.5,186.8,8.5,1296.3,3574.0
29.1,2904.8,423.7,1.0,194.3,1425.0
70.2,40914.1,4440.2,2.1,1249.5,4324.0
42.0,4037.5,249.0,5.5,213.8,1690.0
45.6,37407.8,3677.5,1.6,399.6,4509.0
69.8,4215.8,269.6,8.0,1313.0,2427.0
25.4,34814.8,3921.2,9.1,1350.8,5855.0
60.6,39573.7,3368.1,2.7,52.4,4129.0
54.3,10803.9,243.9,1.9,1067.1,2526.0
65.2,11707.0,1090.0,2.5,613.3,3034.0
26.2,48478.6,5366.1,1.7,704.1,7977.0
13.1,23759.1,3546.6,9.3,607.1,7718.0
39.4,34376.6,4175.9,7.0,454.7,4616.0
56.6,12728.9,491.2,2.5,1333.1,2485.0
23.9,2044.9,245.3,6.7,59.8,1257.0
77.5,30831.8,2953.9,1.4,1412.8,3927.0
25.5,18954.7,1339.0,2.9,667.7,4034.0
54.7,27230.4,3908.2,7.8,401.2,3646.0
12.1,10141.6,1183.6,6.6,376.3,4062.0
47.2,17006.9,1727.8,6.7,977.2,2991.0
19.7,36956.9,463.9,2.5,1080.0,7776.0
26.5,49656.0,235.3,2.7,927.2,7984.0
31.9,14714.1,1663.8,6.1,17.4,2698.0
98.7,27322.8,1161.3,0.4,150.1,4736.0
99.8,37729.9,4038.8,0.8,1183.0,5251.0
13.1,48921.2,5707.7,9.0,771.6,14563.0
38.9,40479.9,2639.6,9.7,1350.0,4912.0
45.7,43960.7,2110.9,0.4,89.9,4762.0
54.2,21243.7,2787.2,3.8,97.5,3002.0
85.5,23355.4,3222.2,8.4,1435.3,3917.0
32.1,7054.2,798.6,7.0,310.6,2019.0
40.0,49442.6,5073.0,6.5,597.4,6021.0
56.9,36212.2,1122.4,6.0,1241.0,4023.0
32.6,32530.5,2713.9,5.9,1059.8,4857.0
36.4,31835.4,1468.1,6.1,1250.0,4320.0
85.4,46537.2,1385.0,6.1,441.7,5171.0
46.9,35912.1,1505.3,0.1,838.9,4490.0
31.3,42242.6,4316.7,0.1,1017.5,6098.0
12.1,22457.0,2239.6,6.9,824.9,7862.0
56.6,37604.0,623.4,0.7,819.4,4436.0
41.2,20726.2,990.7,4.3,296.7,3186.0
66.4,19546.8,1085.8,3.1,1226.1,3162.0
16.3,24407.2,946.6,7.3,1246.0,6268.0
54.7,9894.1,1011.6,1.8,1247.7,2314.0
79.1,32911.4,634.5,0.4,644.9,4493.0
12.2,12950.5,133.2,8.1,688.7,5062.0
80.2,21797.2,1531.2,8.6,938.2,3983.0
11.9,38458.2,4945.8,0.4,535.3,12678.0
44.3,44125.5,5666.2,9.2,1150.9,5015.0
28.8,4119.9,29.7,2.8,273.8,1649.0
73.3,43200.8,3012.9,6.6,1038.0,4688.0
60.3,33288.8,4826.1,5.3,128.6,3796.0
79.8,29104.7,18.7,4.5,34.6,3936.0
48.2,39872.9,5929.2,4.5,1203.4,4462.0
65.5,2454.4,331.5,6.9,1182.5,2260.0
79.5,32027.3,342.8,0.5,482.2,4369.0
10.7,16780.2,639.2,2.5,700.0,6842.0
50.4,12979.5,1525.7,6.9,857.0,2803.0
44.4,47962.3,2274.5,5.5,996.2,5457.0
82.8,39317.2,5246.6,3.1,1041.7,4735.0
11.0,10576.9,749.1,7.6,1213.7,4358.0
84.3,17612.4,981.3,4.3,704.9,4057.0
94.7,49080.1,7267.9,5.2,1136.1,5485.0
89.9,8459.2,1096.0,5.1,1093.4,3731.0
30.0,29648.0,1200.3,1.0,734.6,4964.0
50.4,3207.4,204.4,1.1,719.3,2132.0
93.3,5534.6,53.8,4.5,169.5,3656.0
33.0,5701.8,548.6,0.3,198.6,1744.0
84.3,17514.6,2551.4,6.9,377.7,3856.0
86.1,10247.7,296.4,7.7,839.7,3814.0
10.3,14916.3,1505.7,7.6,1187.4,6106.0
76.7,41125.1,3052.6,0.0,362.3,4589.0
55.7,47298.9,6989.3,7.7,494.7,5010.0
24.5,19030.9,2754.2,3.4,141.9,3746.0
95.1,33941.2,2379.0,1.0,1123.6,4931.0
28.8,41877.9,1582.9,9.2,614.0,6602.0
64.3,41731.2,733.7,4.4,494.4,4598.0
63.9,48554.1,2942.2,7.7,1408.3,4641.0
78.8,39337.4,4913.6,3.8,575.1,4761.0
66.6,22882.9,1667.2,5.4,1114.7,3450.0
94.2,35357.7,5283.5,2.5,1037.7,5033.0
76.3,30044.9,1728.9,1.5,331.2,4048.0
39.0,9810.7,890.7,8.0,138.7,2131.0
20.6,31519.0,692.1,2.4,456.3,6646.0
95.5,17292.8,568.9,7.0,195.5,4248.0
99.0,21432.1,515.5,1.7,655.6,4940.0
87.3,1454.2,152.6,3.2,1177.6,3223.0
69.9,41774.7,1727.2,0.2,918.7,4642.0
61.2,46725.9,295.4,5.2,1219.6,4640.0
21.7,5151.6,553.8,9.3,1183.1,1894.0
55.5,16566.8,2275.3,0.9,979.0,2995.0
45.0,41721.9,1414.7,3.0,628.2,5045.0
88.7,29572.9,3405.0,3.2,248.9,4416.0
96.8,42688.9,4194.0,8.0,1181.0,5307.0
89.3,17847.3,820.9,7.9,571.0,4267.0
24.8,8395.3,853.0,2.1,25.9,2147.0
93.6,23489.0,968.1,0.9,363.0,4506.0
27.5,18980.8,2371.3,8.4,1357.7,3462.0
50.5,24009.4,612.2,2.6,1337.4,3184.0
90.3,20562.4,1833.7,5.7,615.3,4442.0
55.2,32942.1,2308.7,1.8,224.2,3832.0
54.4,15630.6,874.9,7.3,1311.2,2659.0
59.3,7102.6,627.7,9.3,797.2,2629.0
81.1,32615.7,2553.9,9.5,919.9,4508.0
88.7,26762.9,1362.0,0.9,553.2,4560.0
24.9,9753.7,546.2,9.3,57.4,2361.0
72.2,14694.2,937.1,9.1,330.4,3203.0
45.8,27272.8,336.9,8.9,684.0,3916.0
84.0,30909.2,3055.5,3.2,184.5,4228.0
91.8,36670.8,3348.5,4.8,481.2,5052.0
76.1,18267.3,2641.5,8.1,670.1,3757.0
47.6,7370.3,1074.4,9.4,1074.9,2185.0
11.9,27410.4,2814.0,10.0,521.4,9400.0
68.2,45925.1,3160.6,2.2,1179.6,4617.0
73.1,21983.3,816.3,1.7,935.5,3728.0
10.7,5414.7,478.7,0.8,841.5,3029.0
15.9,17503.0,154.1,1.9,1207.0,4871.0
37.7,20918.1,921.5,7.7,996.0,3442.0
42.2,22616.4,246.8,5.6,1387.4,3174.0
27.1,37475.0,2284.9,9.7,882.1,6296.0
24.9,12389.9,933.1,3.8,1431.3,2719.0
57.7,38456.0,1958.4,4.2,132.5,4110.0
68.4,36980.7,1738.1,7.0,1399.3,4043.0
33.6,48221.8,5132.9,7.6,140.5,6231.0
37.8,25947.9,1600.6,8.3,472.3,3938.0
24.7,4094.4,411.7,5.8,254.5,1666.0
97.3,26781.3,3922.8,4.8,1015.2,4900.0
23.8,29345.5,515.7,3.3,599.5,5730.0
89.9,28047.7,2547.9,5.7,750.8,4739.0
13.5,45960.0,2970.7,3.0,1361.3,12953.0
78.1,45698.2,1011.5,4.4,1011.0,4920.0
15.0,42781.5,3390.6,6.2,112.9,11022.0
99.2,37293.7,2619.6,0.4,1149.5,5230.0
24.1,47811.6,2462.0,9.2,131.1,8036.0
96.3,9846.7,420.0,7.2,764.5,4382.0
54.8,28901.1,3885.2,5.8,163.2,3542.0
66.3,42533.1,4056.1,2.6,447.1,4604.0
11.9,32870.5,4238.5,8.4,1412.8,10664.0
96.3,20291.5,2836.6,3.8,568.9,4718.0
35.1,42541.8,4204.4,8.9,523.0,5794.0
70.0,23772.0,2638.6,5.6,528.0,3761.0
14.3,45213.4,4344.1,3.8,237.0,12194.0
